Pr,eta_t
0.1,9.637613183761319
0.2,8.886199948619995
0.5,6.436737413673741
1,4.909938090993809
2,3.799064989906499
5,2.749842344984234
10,2.168599116859912
